{
  "fio version" : "fio-3.38",
  "timestamp" : 1729881628,
  "timestamp_ms" : 1729881628591,
  "time" : "Fri Oct 25 14:40:28 2024",
  "global options" : {
    "bs" : "4K",
    "size" : "1G",
    "ioengine" : "windowsaio",
    "iodepth" : "16",
    "direct" : "1",
    "runtime" : "60",
    "name" : "fio-data-access"
  },
  "jobs" : [
    {
      "jobname" : "readtest",
      "groupid" : 0,
      "job_start" : 1729881507745,
      "error" : 0,
      "eta" : 0,
      "elapsed" : 121,
      "job options" : {
        "rw" : "randread"
      },
      "read" : {
        "io_bytes" : 25289568256,
        "io_kbytes" : 24696844,
        "bw_bytes" : 421485779,
        "bw" : 411607,
        "iops" : 102901.801637,
        "runtime" : 60001,
        "total_ios" : 6174211,
        "short_ios" : 0,
        "drop_ios" : 0,
        "slat_ns" : {
          "min" : 3286,
          "max" : 3327028,
          "mean" : 8704.421038,
          "stddev" : 8935.231936,
          "N" : 6174211
        },
        "clat_ns" : {
          "min" : 187,
          "max" : 9059688,
          "mean" : 113668.686029,
          "stddev" : 67049.518730,
          "N" : 6174211,
          "percentile" : {
            "1.000000" : 62208,
            "5.000000" : 70144,
            "10.000000" : 76288,
            "20.000000" : 84480,
            "30.000000" : 91648,
            "40.000000" : 98816,
            "50.000000" : 105984,
            "60.000000" : 113152,
            "70.000000" : 121344,
            "80.000000" : 132096,
            "90.000000" : 150528,
            "95.000000" : 173056,
            "99.000000" : 240640,
            "99.500000" : 292864,
            "99.900000" : 1466368,
            "99.950000" : 1613824,
            "99.990000" : 1974272
          }
        },
        "lat_ns" : {
          "min" : 19239,
          "max" : 9065680,
          "mean" : 122373.107067,
          "stddev" : 67817.380942,
          "N" : 6174211
        },
        "bw_min" : 29121,
        "bw_max" : 448326,
        "bw_agg" : 100.000000,
        "bw_mean" : 412522.243697,
        "bw_dev" : 43387.744268,
        "bw_samples" : 119,
        "iops_min" : 7280,
        "iops_max" : 112081,
        "iops_mean" : 103130.159664,
        "iops_stddev" : 10846.933350,
        "iops_samples" : 119
      },
      "write" : {
        "io_bytes" : 0,
        "io_kbytes" : 0,
        "bw_bytes" : 0,
        "bw" : 0,
        "iops" : 0.000000,
        "runtime" : 0,
        "total_ios" : 0,
        "short_ios" : 0,
        "drop_ios" : 0,
        "slat_ns" : {
          "min" : 0,
          "max" : 0,
          "mean" : 0.000000,
          "stddev" : 0.000000,
          "N" : 0
        },
        "clat_ns" : {
          "min" : 0,
          "max" : 0,
          "mean" : 0.000000,
          "stddev" : 0.000000,
          "N" : 0
        },
        "lat_ns" : {
          "min" : 0,
          "max" : 0,
          "mean" : 0.000000,
          "stddev" : 0.000000,
          "N" : 0
        },
        "bw_min" : 0,
        "bw_max" : 0,
        "bw_agg" : 0.000000,
        "bw_mean" : 0.000000,
        "bw_dev" : 0.000000,
        "bw_samples" : 0,
        "iops_min" : 0,
        "iops_max" : 0,
        "iops_mean" : 0.000000,
        "iops_stddev" : 0.000000,
        "iops_samples" : 0
      },
      "trim" : {
        "io_bytes" : 0,
        "io_kbytes" : 0,
        "bw_bytes" : 0,
        "bw" : 0,
        "iops" : 0.000000,
        "runtime" : 0,
        "total_ios" : 0,
        "short_ios" : 0,
        "drop_ios" : 0,
        "slat_ns" : {
          "min" : 0,
          "max" : 0,
          "mean" : 0.000000,
          "stddev" : 0.000000,
          "N" : 0
        },
        "clat_ns" : {
          "min" : 0,
          "max" : 0,
          "mean" : 0.000000,
          "stddev" : 0.000000,
          "N" : 0
        },
        "lat_ns" : {
          "min" : 0,
          "max" : 0,
          "mean" : 0.000000,
          "stddev" : 0.000000,
          "N" : 0
        },
        "bw_min" : 0,
        "bw_max" : 0,
        "bw_agg" : 0.000000,
        "bw_mean" : 0.000000,
        "bw_dev" : 0.000000,
        "bw_samples" : 0,
        "iops_min" : 0,
        "iops_max" : 0,
        "iops_mean" : 0.000000,
        "iops_stddev" : 0.000000,
        "iops_samples" : 0
      },
      "sync" : {
        "total_ios" : 0,
        "lat_ns" : {
          "min" : 0,
          "max" : 0,
          "mean" : 0.000000,
          "stddev" : 0.000000,
          "N" : 0
        }
      },
      "job_runtime" : 60000,
      "usr_cpu" : 0.000000,
      "sys_cpu" : 11.666667,
      "ctx" : 0,
      "majf" : 0,
      "minf" : 0,
      "iodepth_level" : {
        "1" : 0.100000,
        "2" : 0.226944,
        "4" : 5.324891,
        "8" : 80.612875,
        "16" : 13.808550,
        "32" : 0.000000,
        ">=64" : 0.000000
      },
      "iodepth_submit" : {
        "0" : 0.000000,
        "4" : 100.000000,
        "8" : 0.000000,
        "16" : 0.000000,
        "32" : 0.000000,
        "64" : 0.000000,
        ">=64" : 0.000000
      },
      "iodepth_complete" : {
        "0" : 0.000000,
        "4" : 89.619628,
        "8" : 6.616842,
        "16" : 3.763530,
        "32" : 0.000000,
        "64" : 0.000000,
        ">=64" : 0.000000
      },
      "latency_ns" : {
        "2" : 0.000000,
        "4" : 0.000000,
        "10" : 0.000000,
        "20" : 0.000000,
        "50" : 0.000000,
        "100" : 0.000000,
        "250" : 0.010000,
        "500" : 0.010000,
        "750" : 0.010000,
        "1000" : 0.010000
      },
      "latency_us" : {
        "2" : 0.010000,
        "4" : 0.010000,
        "10" : 0.010000,
        "20" : 0.010000,
        "50" : 0.191863,
        "100" : 41.007782,
        "250" : 57.923158,
        "500" : 0.677868,
        "750" : 0.037365,
        "1000" : 0.034612
      },
      "latency_ms" : {
        "2" : 0.106022,
        "4" : 0.010000,
        "10" : 0.010000,
        "20" : 0.000000,
        "50" : 0.000000,
        "100" : 0.000000,
        "250" : 0.000000,
        "500" : 0.000000,
        "750" : 0.000000,
        "1000" : 0.000000,
        "2000" : 0.000000,
        ">=2000" : 0.000000
      },
      "latency_depth" : 16,
      "latency_target" : 0,
      "latency_percentile" : 100.000000,
      "latency_window" : 0
    },
    {
      "jobname" : "writetest",
      "groupid" : 1,
      "job_start" : 1729881568246,
      "error" : 0,
      "eta" : 0,
      "elapsed" : 121,
      "job options" : {
        "rw" : "randwrite"
      },
      "read" : {
        "io_bytes" : 0,
        "io_kbytes" : 0,
        "bw_bytes" : 0,
        "bw" : 0,
        "iops" : 0.000000,
        "runtime" : 0,
        "total_ios" : 0,
        "short_ios" : 0,
        "drop_ios" : 0,
        "slat_ns" : {
          "min" : 0,
          "max" : 0,
          "mean" : 0.000000,
          "stddev" : 0.000000,
          "N" : 0
        },
        "clat_ns" : {
          "min" : 0,
          "max" : 0,
          "mean" : 0.000000,
          "stddev" : 0.000000,
          "N" : 0
        },
        "lat_ns" : {
          "min" : 0,
          "max" : 0,
          "mean" : 0.000000,
          "stddev" : 0.000000,
          "N" : 0
        },
        "bw_min" : 0,
        "bw_max" : 0,
        "bw_agg" : 0.000000,
        "bw_mean" : 0.000000,
        "bw_dev" : 0.000000,
        "bw_samples" : 0,
        "iops_min" : 0,
        "iops_max" : 0,
        "iops_mean" : 0.000000,
        "iops_stddev" : 0.000000,
        "iops_samples" : 0
      },
      "write" : {
        "io_bytes" : 19483172864,
        "io_kbytes" : 19026536,
        "bw_bytes" : 324714135,
        "bw" : 317103,
        "iops" : 79275.912068,
        "runtime" : 60001,
        "total_ios" : 4756634,
        "short_ios" : 0,
        "drop_ios" : 0,
        "slat_ns" : {
          "min" : 4068,
          "max" : 180994962,
          "mean" : 11999.550891,
          "stddev" : 110644.666184,
          "N" : 4756634
        },