{
  "fio version" : "fio-3.38",
  "timestamp" : 1729881871,
  "timestamp_ms" : 1729881871324,
  "time" : "Fri Oct 25 14:44:31 2024",
  "global options" : {
    "bs" : "32K",
    "size" : "1G",
    "ioengine" : "windowsaio",
    "iodepth" : "16",
    "direct" : "1",
    "runtime" : "60",
    "name" : "fio-data-access"
  },
  "jobs" : [
    {
      "jobname" : "readtest",
      "groupid" : 0,
      "job_start" : 1729881750339,
      "error" : 0,
      "eta" : 0,
      "elapsed" : 122,
      "job options" : {
        "rw" : "randread"
      },
      "read" : {
        "io_bytes" : 135426801664,
        "io_kbytes" : 132252736,
        "bw_bytes" : 2257075743,
        "bw" : 2204175,
        "iops" : 68880.485325,
        "runtime" : 60001,
        "total_ios" : 4132898,
        "short_ios" : 0,
        "drop_ios" : 0,
        "slat_ns" : {
          "min" : 3720,
          "max" : 3840136,
          "mean" : 7440.299527,
          "stddev" : 7863.843507,
          "N" : 4132898
        },
        "clat_ns" : {
          "min" : 267,
          "max" : 10171061,
          "mean" : 212271.851270,
          "stddev" : 77947.636446,
          "N" : 4132898,
          "percentile" : {
            "1.000000" : 132096,
            "5.000000" : 146432,
            "10.000000" : 152576,
            "20.000000" : 162816,
            "30.000000" : 171008,
            "40.000000" : 181248,
            "50.000000" : 189440,
            "60.000000" : 203776,
            "70.000000" : 222208,
            "80.000000" : 250880,
            "90.000000" : 296960,
            "95.000000" : 346112,
            "99.000000" : 477184,
            "99.500000" : 544768,
            "99.900000" : 798720,
            "99.950000" : 946176,
            "99.990000" : 1499136
          }
        },
        "lat_ns" : {
          "min" : 32841,
          "max" : 10398886,
          "mean" : 219712.150798,
          "stddev" : 78334.589582,
          "N" : 4132898
        },
        "bw_min" : 1869349,
        "bw_max" : 2333050,
        "bw_agg" : 100.000000,
        "bw_mean" : 2206355.504202,
        "bw_dev" : 70861.638168,
        "bw_samples" : 119,
        "iops_min" : 58417,
        "iops_max" : 72907,
        "iops_mean" : 68948.168067,
        "iops_stddev" : 2214.419541,
        "iops_samples" : 119
      },
      "write" : {
        "io_bytes" : 0,
        "io_kbytes" : 0,
        "bw_bytes" : 0,
        "bw" : 0,
        "iops" : 0.000000,
        "runtime" : 0,
        "total_ios" : 0,
        "short_ios" : 0,
        "drop_ios" : 0,
        "slat_ns" : {
          "min" : 0,
          "max" : 0,
          "mean" : 0.000000,
          "stddev" : 0.000000,
          "N" : 0
        },
        "clat_ns" : {
          "min" : 0,
          "max" : 0,
          "mean" : 0.000000,
          "stddev" : 0.000000,
          "N" : 0
        },
        "lat_ns" : {
          "min" : 0,
          "max" : 0,
          "mean" : 0.000000,
          "stddev" : 0.000000,
          "N" : 0
        },
        "bw_min" : 0,
        "bw_max" : 0,
        "bw_agg" : 0.000000,
        "bw_mean" : 0.000000,
        "bw_dev" : 0.000000,
        "bw_samples" : 0,
        "iops_min" : 0,
        "iops_max" : 0,
        "iops_mean" : 0.000000,
        "iops_stddev" : 0.000000,
        "iops_samples" : 0
      },
      "trim" : {
        "io_bytes" : 0,
        "io_kbytes" : 0,
        "bw_bytes" : 0,
        "bw" : 0,
        "iops" : 0.000000,
        "runtime" : 0,
        "total_ios" : 0,
        "short_ios" : 0,
        "drop_ios" : 0,
        "slat_ns" : {
          "min" : 0,
          "max" : 0,
          "mean" : 0.000000,
          "stddev" : 0.000000,
          "N" : 0
        },
        "clat_ns" : {
          "min" : 0,
          "max" : 0,
          "mean" : 0.000000,
          "stddev" : 0.000000,
          "N" : 0
        },
        "lat_ns" : {
          "min" : 0,
          "max" : 0,
          "mean" : 0.000000,
          "stddev" : 0.000000,
          "N" : 0
        },
        "bw_min" : 0,
        "bw_max" : 0,
        "bw_agg" : 0.000000,
        "bw_mean" : 0.000000,
        "bw_dev" : 0.000000,
        "bw_samples" : 0,
        "iops_min" : 0,
        "iops_max" : 0,
        "iops_mean" : 0.000000,
        "iops_stddev" : 0.000000,
        "iops_samples" : 0
      },
      "sync" : {
        "total_ios" : 0,
        "lat_ns" : {
          "min" : 0,
          "max" : 0,
          "mean" : 0.000000,
          "stddev" : 0.000000,
          "N" : 0
        }
      },
      "job_runtime" : 60000,
      "usr_cpu" : 0.000000,
      "sys_cpu" : 10.000000,
      "ctx" : 0,
      "majf" : 0,
      "minf" : 0,
      "iodepth_level" : {
        "1" : 0.100000,
        "2" : 0.110383,
        "4" : 0.945825,
        "8" : 57.546763,
        "16" : 41.382270,
        "32" : 0.000000,
        ">=64" : 0.000000
      },
      "iodepth_submit" : {
        "0" : 0.000000,
        "4" : 100.000000,
        "8" : 0.000000,
        "16" : 0.000000,
        "32" : 0.000000,
        "64" : 0.000000,
        ">=64" : 0.000000
      },
      "iodepth_complete" : {
        "0" : 0.000000,
        "4" : 97.233701,
        "8" : 2.361845,
        "16" : 0.404454,
        "32" : 0.000000,
        "64" : 0.000000,
        ">=64" : 0.000000
      },
      "latency_ns" : {
        "2" : 0.000000,
        "4" : 0.000000,
        "10" : 0.000000,
        "20" : 0.000000,
        "50" : 0.000000,
        "100" : 0.000000,
        "250" : 0.000000,
        "500" : 0.010000,
        "750" : 0.010000,
        "1000" : 0.010000
      },
      "latency_us" : {
        "2" : 0.010000,
        "4" : 0.010000,
        "10" : 0.010000,
        "20" : 0.010000,
        "50" : 0.010000,
        "100" : 0.028769,
        "250" : 79.711282,
        "500" : 19.474616,
        "750" : 0.656247,
        "1000" : 0.084904
      },
      "latency_ms" : {
        "2" : 0.033802,
        "4" : 0.010000,
        "10" : 0.010000,
        "20" : 0.010000,
        "50" : 0.000000,
        "100" : 0.000000,
        "250" : 0.000000,
        "500" : 0.000000,
        "750" : 0.000000,
        "1000" : 0.000000,
        "2000" : 0.000000,
        ">=2000" : 0.000000
      },
      "latency_depth" : 16,
      "latency_target" : 0,
      "latency_percentile" : 100.000000,
      "latency_window" : 0
    },
    {
      "jobname" : "writetest",
      "groupid" : 1,
      "job_start" : 1729881810850,
      "error" : 0,
      "eta" : 0,
      "elapsed" : 122,
      "job options" : {
        "rw" : "randwrite"
      },
      "read" : {
        "io_bytes" : 0,
        "io_kbytes" : 0,
        "bw_bytes" : 0,
        "bw" : 0,
        "iops" : 0.000000,
        "runtime" : 0,
        "total_ios" : 0,
        "short_ios" : 0,
        "drop_ios" : 0,
        "slat_ns" : {
          "min" : 0,
          "max" : 0,
          "mean" : 0.000000,
          "stddev" : 0.000000,
          "N" : 0
        },
        "clat_ns" : {
          "min" : 0,
          "max" : 0,
          "mean" : 0.000000,
          "stddev" : 0.000000,
          "N" : 0
        },
        "lat_ns" : {
          "min" : 0,
          "max" : 0,
          "mean" : 0.000000,
          "stddev" : 0.000000,
          "N" : 0
        },
        "bw_min" : 0,
        "bw_max" : 0,
        "bw_agg" : 0.000000,
        "bw_mean" : 0.000000,
        "bw_dev" : 0.000000,
        "bw_samples" : 0,
        "iops_min" : 0,
        "iops_max" : 0,
        "iops_mean" : 0.000000,
        "iops_stddev" : 0.000000,
        "iops_samples" : 0
      },
      "write" : {
        "io_bytes" : 134563921920,
        "io_kbytes" : 131410080,
        "bw_bytes" : 2242694653,
        "bw" : 2190131,
        "iops" : 68441.609307,
        "runtime" : 60001,
        "total_ios" : 4106565,
        "short_ios" : 0,
        "drop_ios" : 0,
        "slat_ns" : {
          "min" : 4725,
          "max" : 1525566,
          "mean" : 12995.190307,
          "stddev" : 8035.092363,