{
  "fio version" : "fio-3.38",
  "timestamp" : 1729881992,
  "timestamp_ms" : 1729881992714,
  "time" : "Fri Oct 25 14:46:32 2024",
  "global options" : {
    "bs" : "128K",
    "name" : "fio-data-access",
    "size" : "1G",
    "ioengine" : "windowsaio",
    "iodepth" : "16",
    "direct" : "1",
    "runtime" : "60"
  },
  "jobs" : [
    {
      "jobname" : "readtest",
      "groupid" : 0,
      "job_start" : 1729881871759,
      "error" : 0,
      "eta" : 0,
      "elapsed" : 122,
      "job options" : {
        "rw" : "randread"
      },
      "read" : {
        "io_bytes" : 208632152064,
        "io_kbytes" : 203742336,
        "bw_bytes" : 3477144581,
        "bw" : 3395649,
        "iops" : 26528.507858,
        "runtime" : 60001,
        "total_ios" : 1591737,
        "short_ios" : 0,
        "drop_ios" : 0,
        "slat_ns" : {
          "min" : 4710,
          "max" : 1970939,
          "mean" : 8487.448819,
          "stddev" : 9223.328119,
          "N" : 1591737
        },
        "clat_ns" : {
          "min" : 325,
          "max" : 4559370,
          "mean" : 588147.183213,
          "stddev" : 381060.141546,
          "N" : 1591737,
          "percentile" : {
            "1.000000" : 228352,
            "5.000000" : 264192,
            "10.000000" : 288768,
            "20.000000" : 325632,
            "30.000000" : 362496,
            "40.000000" : 399360,
            "50.000000" : 448512,
            "60.000000" : 509952,
            "70.000000" : 610304,
            "80.000000" : 774144,
            "90.000000" : 1122304,
            "95.000000" : 1433600,
            "99.000000" : 1990656,
            "99.500000" : 2211840,
            "99.900000" : 2637824,
            "99.950000" : 2801664,
            "99.990000" : 3260416
          }
        },
        "lat_ns" : {
          "min" : 150507,
          "max" : 4567637,
          "mean" : 596634.632032,
          "stddev" : 380931.529518,
          "N" : 1591737
        },
        "bw_min" : 3240047,
        "bw_max" : 3445079,
        "bw_agg" : 100.000000,
        "bw_mean" : 3399253.092437,
        "bw_dev" : 33575.812398,
        "bw_samples" : 119,
        "iops_min" : 25312,
        "iops_max" : 26914,
        "iops_mean" : 26556.210084,
        "iops_stddev" : 262.324223,
        "iops_samples" : 119
      },
      "write" : {
        "io_bytes" : 0,
        "io_kbytes" : 0,
        "bw_bytes" : 0,
        "bw" : 0,
        "iops" : 0.000000,
        "runtime" : 0,
        "total_ios" : 0,
        "short_ios" : 0,
        "drop_ios" : 0,
        "slat_ns" : {
          "min" : 0,
          "max" : 0,
          "mean" : 0.000000,
          "stddev" : 0.000000,
          "N" : 0
        },
        "clat_ns" : {
          "min" : 0,
          "max" : 0,
          "mean" : 0.000000,
          "stddev" : 0.000000,
          "N" : 0
        },
        "lat_ns" : {
          "min" : 0,
          "max" : 0,
          "mean" : 0.000000,
          "stddev" : 0.000000,
          "N" : 0
        },
        "bw_min" : 0,
        "bw_max" : 0,
        "bw_agg" : 0.000000,
        "bw_mean" : 0.000000,
        "bw_dev" : 0.000000,
        "bw_samples" : 0,
        "iops_min" : 0,
        "iops_max" : 0,
        "iops_mean" : 0.000000,
        "iops_stddev" : 0.000000,
        "iops_samples" : 0
      },
      "trim" : {
        "io_bytes" : 0,
        "io_kbytes" : 0,
        "bw_bytes" : 0,
        "bw" : 0,
        "iops" : 0.000000,
        "runtime" : 0,
        "total_ios" : 0,
        "short_ios" : 0,
        "drop_ios" : 0,
        "slat_ns" : {
          "min" : 0,
          "max" : 0,
          "mean" : 0.000000,
          "stddev" : 0.000000,
          "N" : 0
        },
        "clat_ns" : {
          "min" : 0,
          "max" : 0,
          "mean" : 0.000000,
          "stddev" : 0.000000,
          "N" : 0
        },
        "lat_ns" : {
          "min" : 0,
          "max" : 0,
          "mean" : 0.000000,
          "stddev" : 0.000000,
          "N" : 0
        },
        "bw_min" : 0,
        "bw_max" : 0,
        "bw_agg" : 0.000000,
        "bw_mean" : 0.000000,
        "bw_dev" : 0.000000,
        "bw_samples" : 0,
        "iops_min" : 0,
        "iops_max" : 0,
        "iops_mean" : 0.000000,
        "iops_stddev" : 0.000000,
        "iops_samples" : 0
      },
      "sync" : {
        "total_ios" : 0,
        "lat_ns" : {
          "min" : 0,
          "max" : 0,
          "mean" : 0.000000,
          "stddev" : 0.000000,
          "N" : 0
        }
      },
      "job_runtime" : 60000,
      "usr_cpu" : 0.000000,
      "sys_cpu" : 6.666667,
      "ctx" : 0,
      "majf" : 0,
      "minf" : 0,
      "iodepth_level" : {
        "1" : 0.100000,
        "2" : 0.100000,
        "4" : 0.134696,
        "8" : 31.846404,
        "16" : 67.986734,
        "32" : 0.000000,
        ">=64" : 0.000000
      },
      "iodepth_submit" : {
        "0" : 0.000000,
        "4" : 100.000000,
        "8" : 0.000000,
        "16" : 0.000000,
        "32" : 0.000000,
        "64" : 0.000000,
        ">=64" : 0.000000
      },
      "iodepth_complete" : {
        "0" : 0.000000,
        "4" : 99.564570,
        "8" : 0.395713,
        "16" : 0.100000,
        "32" : 0.000000,
        "64" : 0.000000,
        ">=64" : 0.000000
      },
      "latency_ns" : {
        "2" : 0.000000,
        "4" : 0.000000,
        "10" : 0.000000,
        "20" : 0.000000,
        "50" : 0.000000,
        "100" : 0.000000,
        "250" : 0.000000,
        "500" : 0.010000,
        "750" : 0.000000,
        "1000" : 0.010000
      },
      "latency_us" : {
        "2" : 0.000000,
        "4" : 0.000000,
        "10" : 0.000000,
        "20" : 0.010000,
        "50" : 0.010000,
        "100" : 0.010000,
        "250" : 2.749763,
        "500" : 55.808968,
        "750" : 20.237514,
        "1000" : 8.494494
      },
      "latency_ms" : {
        "2" : 11.731084,
        "4" : 0.975035,
        "10" : 0.010000,
        "20" : 0.000000,
        "50" : 0.000000,
        "100" : 0.000000,
        "250" : 0.000000,
        "500" : 0.000000,
        "750" : 0.000000,
        "1000" : 0.000000,
        "2000" : 0.000000,
        ">=2000" : 0.000000
      },
      "latency_depth" : 16,
      "latency_target" : 0,
      "latency_percentile" : 100.000000,
      "latency_window" : 0
    },
    {
      "jobname" : "writetest",
      "groupid" : 1,
      "job_start" : 1729881932256,
      "error" : 0,
      "eta" : 0,
      "elapsed" : 122,
      "job options" : {
        "rw" : "randwrite"
      },
      "read" : {
        "io_bytes" : 0,
        "io_kbytes" : 0,
        "bw_bytes" : 0,
        "bw" : 0,
        "iops" : 0.000000,
        "runtime" : 0,
        "total_ios" : 0,
        "short_ios" : 0,
        "drop_ios" : 0,
        "slat_ns" : {
          "min" : 0,
          "max" : 0,
          "mean" : 0.000000,
          "stddev" : 0.000000,
          "N" : 0
        },
        "clat_ns" : {
          "min" : 0,
          "max" : 0,
          "mean" : 0.000000,
          "stddev" : 0.000000,
          "N" : 0
        },
        "lat_ns" : {
          "min" : 0,
          "max" : 0,
          "mean" : 0.000000,
          "stddev" : 0.000000,
          "N" : 0
        },
        "bw_min" : 0,
        "bw_max" : 0,
        "bw_agg" : 0.000000,
        "bw_mean" : 0.000000,
        "bw_dev" : 0.000000,
        "bw_samples" : 0,
        "iops_min" : 0,
        "iops_max" : 0,
        "iops_mean" : 0.000000,
        "iops_stddev" : 0.000000,
        "iops_samples" : 0
      },
      "write" : {
        "io_bytes" : 187161772032,
        "io_kbytes" : 182775168,
        "bw_bytes" : 3119310878,
        "bw" : 3046202,
        "iops" : 23798.453359,
        "runtime" : 60001,
        "total_ios" : 1427931,
        "short_ios" : 0,
        "drop_ios" : 0,
        "slat_ns" : {
          "min" : 7225,
          "max" : 9249153,
          "mean" : 15012.936521,
          "stddev" : 13346.022318,