{
  "fio version" : "fio-3.38",
  "timestamp" : 1729882658,
  "timestamp_ms" : 1729882658846,
  "time" : "Fri Oct 25 14:57:38 2024",
  "global options" : {
    "bs" : "64K",
    "name" : "fio-data-access",
    "size" : "1G",
    "ioengine" : "windowsaio",
    "iodepth" : "16",
    "direct" : "1",
    "runtime" : "60"
  },
  "jobs" : [
    {
      "jobname" : "readtest",
      "groupid" : 0,
      "job_start" : 1729882537861,
      "error" : 0,
      "eta" : 0,
      "elapsed" : 122,
      "job options" : {
        "rw" : "randread"
      },
      "read" : {
        "io_bytes" : 198277595136,
        "io_kbytes" : 193630464,
        "bw_bytes" : 3304571509,
        "bw" : 3227120,
        "iops" : 50423.759604,
        "runtime" : 60001,
        "total_ios" : 3025476,
        "short_ios" : 0,
        "drop_ios" : 0,
        "slat_ns" : {
          "min" : 4075,
          "max" : 2834464,
          "mean" : 8293.789571,
          "stddev" : 8896.208183,
          "N" : 3025476
        },
        "clat_ns" : {
          "min" : 332,
          "max" : 4836826,
          "mean" : 297679.676724,
          "stddev" : 110922.622244,
          "N" : 3025476,
          "percentile" : {
            "1.000000" : 166912,
            "5.000000" : 187392,
            "10.000000" : 199680,
            "20.000000" : 218112,
            "30.000000" : 234496,
            "40.000000" : 250880,
            "50.000000" : 268288,
            "60.000000" : 288768,
            "70.000000" : 317440,
            "80.000000" : 358400,
            "90.000000" : 432128,
            "95.000000" : 509952,
            "99.000000" : 708608,
            "99.500000" : 798720,
            "99.900000" : 1036288,
            "99.950000" : 1138688,
            "99.990000" : 1482752
          }
        },
        "lat_ns" : {
          "min" : 58854,
          "max" : 4847434,
          "mean" : 305973.466296,
          "stddev" : 111045.634946,
          "N" : 3025476
        },
        "bw_min" : 2928625,
        "bw_max" : 3359294,
        "bw_agg" : 100.000000,
        "bw_mean" : 3230552.848739,
        "bw_dev" : 78096.356085,
        "bw_samples" : 119,
        "iops_min" : 45759,
        "iops_max" : 52488,
        "iops_mean" : 50476.890756,
        "iops_stddev" : 1220.175910,
        "iops_samples" : 119
      },
      "write" : {
        "io_bytes" : 0,
        "io_kbytes" : 0,
        "bw_bytes" : 0,
        "bw" : 0,
        "iops" : 0.000000,
        "runtime" : 0,
        "total_ios" : 0,
        "short_ios" : 0,
        "drop_ios" : 0,
        "slat_ns" : {
          "min" : 0,
          "max" : 0,
          "mean" : 0.000000,
          "stddev" : 0.000000,
          "N" : 0
        },
        "clat_ns" : {
          "min" : 0,
          "max" : 0,
          "mean" : 0.000000,
          "stddev" : 0.000000,
          "N" : 0
        },
        "lat_ns" : {
          "min" : 0,
          "max" : 0,
          "mean" : 0.000000,
          "stddev" : 0.000000,
          "N" : 0
        },
        "bw_min" : 0,
        "bw_max" : 0,
        "bw_agg" : 0.000000,
        "bw_mean" : 0.000000,
        "bw_dev" : 0.000000,
        "bw_samples" : 0,
        "iops_min" : 0,
        "iops_max" : 0,
        "iops_mean" : 0.000000,
        "iops_stddev" : 0.000000,
        "iops_samples" : 0
      },
      "trim" : {
        "io_bytes" : 0,
        "io_kbytes" : 0,
        "bw_bytes" : 0,
        "bw" : 0,
        "iops" : 0.000000,
        "runtime" : 0,
        "total_ios" : 0,
        "short_ios" : 0,
        "drop_ios" : 0,
        "slat_ns" : {
          "min" : 0,
          "max" : 0,
          "mean" : 0.000000,
          "stddev" : 0.000000,
          "N" : 0
        },
        "clat_ns" : {
          "min" : 0,
          "max" : 0,
          "mean" : 0.000000,
          "stddev" : 0.000000,
          "N" : 0
        },
        "lat_ns" : {
          "min" : 0,
          "max" : 0,
          "mean" : 0.000000,
          "stddev" : 0.000000,
          "N" : 0
        },
        "bw_min" : 0,
        "bw_max" : 0,
        "bw_agg" : 0.000000,
        "bw_mean" : 0.000000,
        "bw_dev" : 0.000000,
        "bw_samples" : 0,
        "iops_min" : 0,
        "iops_max" : 0,
        "iops_mean" : 0.000000,
        "iops_stddev" : 0.000000,
        "iops_samples" : 0
      },
      "sync" : {
        "total_ios" : 0,
        "lat_ns" : {
          "min" : 0,
          "max" : 0,
          "mean" : 0.000000,
          "stddev" : 0.000000,
          "N" : 0
        }
      },
      "job_runtime" : 60000,
      "usr_cpu" : 0.000000,
      "sys_cpu" : 6.666667,
      "ctx" : 0,
      "majf" : 0,
      "minf" : 0,
      "iodepth_level" : {
        "1" : 0.100000,
        "2" : 0.100000,
        "4" : 0.478602,
        "8" : 49.870037,
        "16" : 49.587867,
        "32" : 0.000000,
        ">=64" : 0.000000
      },
      "iodepth_submit" : {
        "0" : 0.000000,
        "4" : 100.000000,
        "8" : 0.000000,
        "16" : 0.000000,
        "32" : 0.000000,
        "64" : 0.000000,
        ">=64" : 0.000000
      },
      "iodepth_complete" : {
        "0" : 0.000000,
        "4" : 98.306975,
        "8" : 1.468421,
        "16" : 0.224604,
        "32" : 0.000000,
        "64" : 0.000000,
        ">=64" : 0.000000
      },
      "latency_ns" : {
        "2" : 0.000000,
        "4" : 0.000000,
        "10" : 0.000000,
        "20" : 0.000000,
        "50" : 0.000000,
        "100" : 0.000000,
        "250" : 0.000000,
        "500" : 0.010000,
        "750" : 0.010000,
        "1000" : 0.010000
      },
      "latency_us" : {
        "2" : 0.000000,
        "4" : 0.000000,
        "10" : 0.010000,
        "20" : 0.010000,
        "50" : 0.010000,
        "100" : 0.010000,
        "250" : 40.054524,
        "500" : 54.510166,
        "750" : 4.711292,
        "1000" : 0.590519
      },
      "latency_ms" : {
        "2" : 0.122989,
        "4" : 0.010000,
        "10" : 0.010000,
        "20" : 0.000000,
        "50" : 0.000000,
        "100" : 0.000000,
        "250" : 0.000000,
        "500" : 0.000000,
        "750" : 0.000000,
        "1000" : 0.000000,
        "2000" : 0.000000,
        ">=2000" : 0.000000
      },
      "latency_depth" : 16,
      "latency_target" : 0,
      "latency_percentile" : 100.000000,
      "latency_window" : 0
    },
    {
      "jobname" : "writetest",
      "groupid" : 1,
      "job_start" : 1729882598369,
      "error" : 0,
      "eta" : 0,
      "elapsed" : 122,
      "job options" : {
        "rw" : "randwrite"
      },
      "read" : {
        "io_bytes" : 0,
        "io_kbytes" : 0,
        "bw_bytes" : 0,
        "bw" : 0,
        "iops" : 0.000000,
        "runtime" : 0,
        "total_ios" : 0,
        "short_ios" : 0,
        "drop_ios" : 0,
        "slat_ns" : {
          "min" : 0,
          "max" : 0,
          "mean" : 0.000000,
          "stddev" : 0.000000,
          "N" : 0
        },
        "clat_ns" : {
          "min" : 0,
          "max" : 0,
          "mean" : 0.000000,
          "stddev" : 0.000000,
          "N" : 0
        },
        "lat_ns" : {
          "min" : 0,
          "max" : 0,
          "mean" : 0.000000,
          "stddev" : 0.000000,
          "N" : 0
        },
        "bw_min" : 0,
        "bw_max" : 0,
        "bw_agg" : 0.000000,
        "bw_mean" : 0.000000,
        "bw_dev" : 0.000000,
        "bw_samples" : 0,
        "iops_min" : 0,
        "iops_max" : 0,
        "iops_mean" : 0.000000,
        "iops_stddev" : 0.000000,
        "iops_samples" : 0
      },
      "write" : {
        "io_bytes" : 147231866880,
        "io_kbytes" : 143781120,
        "bw_bytes" : 2453823550,
        "bw" : 2396312,
        "iops" : 37442.375960,
        "runtime" : 60001,
        "total_ios" : 2246580,
        "short_ios" : 0,
        "drop_ios" : 0,
        "slat_ns" : {
          "min" : 5608,
          "max" : 9845459,
          "mean" : 12859.974333,
          "stddev" : 13309.536706,