{
  "fio version" : "fio-3.38",
  "timestamp" : 1729881749,
  "timestamp_ms" : 1729881749867,
  "time" : "Fri Oct 25 14:42:29 2024",
  "global options" : {
    "bs" : "16K",
    "size" : "1G",
    "ioengine" : "windowsaio",
    "iodepth" : "16",
    "direct" : "1",
    "runtime" : "60",
    "name" : "fio-data-access"
  },
  "jobs" : [
    {
      "jobname" : "readtest",
      "groupid" : 0,
      "job_start" : 1729881629017,
      "error" : 0,
      "eta" : 0,
      "elapsed" : 121,
      "job options" : {
        "rw" : "randread"
      },
      "read" : {
        "io_bytes" : 76821905408,
        "io_kbytes" : 75021392,
        "bw_bytes" : 1280343751,
        "bw" : 1250335,
        "iops" : 78145.980900,
        "runtime" : 60001,
        "total_ios" : 4688837,
        "short_ios" : 0,
        "drop_ios" : 0,
        "slat_ns" : {
          "min" : 3603,
          "max" : 9316521,
          "mean" : 7612.803075,
          "stddev" : 8875.709544,
          "N" : 4688837
        },
        "clat_ns" : {
          "min" : 277,
          "max" : 3343473,
          "mean" : 181618.325560,
          "stddev" : 60865.197599,
          "N" : 4688837,
          "percentile" : {
            "1.000000" : 118272,
            "5.000000" : 127488,
            "10.000000" : 132096,
            "20.000000" : 140288,
            "30.000000" : 148480,
            "40.000000" : 156672,
            "50.000000" : 164864,
            "60.000000" : 175104,
            "70.000000" : 189440,
            "80.000000" : 214016,
            "90.000000" : 250880,
            "95.000000" : 288768,
            "99.000000" : 387072,
            "99.500000" : 436224,
            "99.900000" : 651264,
            "99.950000" : 872448,
            "99.990000" : 1269760
          }
        },
        "lat_ns" : {
          "min" : 22047,
          "max" : 9734502,
          "mean" : 189231.128635,
          "stddev" : 61748.514259,
          "N" : 4688837
        },
        "bw_min" : 1017234,
        "bw_max" : 1350482,
        "bw_agg" : 100.000000,
        "bw_mean" : 1251613.697479,
        "bw_dev" : 80083.081874,
        "bw_samples" : 119,
        "iops_min" : 63577,
        "iops_max" : 84405,
        "iops_mean" : 78225.445378,
        "iops_stddev" : 5005.177966,
        "iops_samples" : 119
      },
      "write" : {
        "io_bytes" : 0,
        "io_kbytes" : 0,
        "bw_bytes" : 0,
        "bw" : 0,
        "iops" : 0.000000,
        "runtime" : 0,
        "total_ios" : 0,
        "short_ios" : 0,
        "drop_ios" : 0,
        "slat_ns" : {
          "min" : 0,
          "max" : 0,
          "mean" : 0.000000,
          "stddev" : 0.000000,
          "N" : 0
        },
        "clat_ns" : {
          "min" : 0,
          "max" : 0,
          "mean" : 0.000000,
          "stddev" : 0.000000,
          "N" : 0
        },
        "lat_ns" : {
          "min" : 0,
          "max" : 0,
          "mean" : 0.000000,
          "stddev" : 0.000000,
          "N" : 0
        },
        "bw_min" : 0,
        "bw_max" : 0,
        "bw_agg" : 0.000000,
        "bw_mean" : 0.000000,
        "bw_dev" : 0.000000,
        "bw_samples" : 0,
        "iops_min" : 0,
        "iops_max" : 0,
        "iops_mean" : 0.000000,
        "iops_stddev" : 0.000000,
        "iops_samples" : 0
      },
      "trim" : {
        "io_bytes" : 0,
        "io_kbytes" : 0,
        "bw_bytes" : 0,
        "bw" : 0,
        "iops" : 0.000000,
        "runtime" : 0,
        "total_ios" : 0,
        "short_ios" : 0,
        "drop_ios" : 0,
        "slat_ns" : {
          "min" : 0,
          "max" : 0,
          "mean" : 0.000000,
          "stddev" : 0.000000,
          "N" : 0
        },
        "clat_ns" : {
          "min" : 0,
          "max" : 0,
          "mean" : 0.000000,
          "stddev" : 0.000000,
          "N" : 0
        },
        "lat_ns" : {
          "min" : 0,
          "max" : 0,
          "mean" : 0.000000,
          "stddev" : 0.000000,
          "N" : 0
        },
        "bw_min" : 0,
        "bw_max" : 0,
        "bw_agg" : 0.000000,
        "bw_mean" : 0.000000,
        "bw_dev" : 0.000000,
        "bw_samples" : 0,
        "iops_min" : 0,
        "iops_max" : 0,
        "iops_mean" : 0.000000,
        "iops_stddev" : 0.000000,
        "iops_samples" : 0
      },
      "sync" : {
        "total_ios" : 0,
        "lat_ns" : {
          "min" : 0,
          "max" : 0,
          "mean" : 0.000000,
          "stddev" : 0.000000,
          "N" : 0
        }
      },
      "job_runtime" : 60000,
      "usr_cpu" : 1.666667,
      "sys_cpu" : 13.333333,
      "ctx" : 0,
      "majf" : 0,
      "minf" : 0,
      "iodepth_level" : {
        "1" : 0.100000,
        "2" : 0.236860,
        "4" : 1.670905,
        "8" : 61.771053,
        "16" : 36.289575,
        "32" : 0.000000,
        ">=64" : 0.000000
      },
      "iodepth_submit" : {
        "0" : 0.000000,
        "4" : 100.000000,
        "8" : 0.000000,
        "16" : 0.000000,
        "32" : 0.000000,
        "64" : 0.000000,
        ">=64" : 0.000000
      },
      "iodepth_complete" : {
        "0" : 0.000000,
        "4" : 96.173258,
        "8" : 3.163919,
        "16" : 0.662823,
        "32" : 0.000000,
        "64" : 0.000000,
        ">=64" : 0.000000
      },
      "latency_ns" : {
        "2" : 0.000000,
        "4" : 0.000000,
        "10" : 0.000000,
        "20" : 0.000000,
        "50" : 0.000000,
        "100" : 0.000000,
        "250" : 0.000000,
        "500" : 0.010000,
        "750" : 0.010000,
        "1000" : 0.000000
      },
      "latency_us" : {
        "2" : 0.010000,
        "4" : 0.010000,
        "10" : 0.010000,
        "20" : 0.010000,
        "50" : 0.010216,
        "100" : 0.155369,
        "250" : 89.582001,
        "500" : 10.012888,
        "750" : 0.163324,
        "1000" : 0.049394
      },
      "latency_ms" : {
        "2" : 0.022052,
        "4" : 0.010000,
        "10" : 0.000000,
        "20" : 0.000000,
        "50" : 0.000000,
        "100" : 0.000000,
        "250" : 0.000000,
        "500" : 0.000000,
        "750" : 0.000000,
        "1000" : 0.000000,
        "2000" : 0.000000,
        ">=2000" : 0.000000
      },
      "latency_depth" : 16,
      "latency_target" : 0,
      "latency_percentile" : 100.000000,
      "latency_window" : 0
    },
    {
      "jobname" : "writetest",
      "groupid" : 1,
      "job_start" : 1729881689532,
      "error" : 0,
      "eta" : 0,
      "elapsed" : 121,
      "job options" : {
        "rw" : "randwrite"
      },
      "read" : {
        "io_bytes" : 0,
        "io_kbytes" : 0,
        "bw_bytes" : 0,
        "bw" : 0,
        "iops" : 0.000000,
        "runtime" : 0,
        "total_ios" : 0,
        "short_ios" : 0,
        "drop_ios" : 0,
        "slat_ns" : {
          "min" : 0,
          "max" : 0,
          "mean" : 0.000000,
          "stddev" : 0.000000,
          "N" : 0
        },
        "clat_ns" : {
          "min" : 0,
          "max" : 0,
          "mean" : 0.000000,
          "stddev" : 0.000000,
          "N" : 0
        },
        "lat_ns" : {
          "min" : 0,
          "max" : 0,
          "mean" : 0.000000,
          "stddev" : 0.000000,
          "N" : 0
        },
        "bw_min" : 0,
        "bw_max" : 0,
        "bw_agg" : 0.000000,
        "bw_mean" : 0.000000,
        "bw_dev" : 0.000000,
        "bw_samples" : 0,
        "iops_min" : 0,
        "iops_max" : 0,
        "iops_mean" : 0.000000,
        "iops_stddev" : 0.000000,
        "iops_samples" : 0
      },
      "write" : {
        "io_bytes" : 69006311424,
        "io_kbytes" : 67388976,
        "bw_bytes" : 1150086022,
        "bw" : 1123130,
        "iops" : 70195.680072,
        "runtime" : 60001,
        "total_ios" : 4211811,
        "short_ios" : 0,
        "drop_ios" : 0,
        "slat_ns" : {
          "min" : 4410,
          "max" : 10269046,
          "mean" : 13357.543267,
          "stddev" : 11096.812443,
          "N" : 4211811
        },