Seq Read (MBPS),Seq Write (MBPS),Random Read (IOPS),Random Write (IOPS)
3333.2274241728514,2268.3909261064455,411294.689076,316935.252101
